N,,,j,Zj
2010,1,1,,敉
2010,1,2,y,
2010,1,3,,
2010,1,4,,Ԍ
2010,1,5,,揟
2010,1,6,,F
2010,1,7,,敉
2010,1,8,,
2010,1,9,y,
2010,1,10,,Ԍ
2010,1,11,,揟
2010,1,12,,F
2010,1,13,,敉
2010,1,14,,
2010,1,15,,Ԍ
2010,1,16,y,揟
2010,1,17,,F
2010,1,18,,敉
2010,1,19,,
2010,1,20,,
2010,1,21,,Ԍ
2010,1,22,,揟
2010,1,23,y,F
2010,1,24,,敉
2010,1,25,,
2010,1,26,,
2010,1,27,,Ԍ
2010,1,28,,揟
2010,1,29,,F
2010,1,30,y,敉
2010,1,31,,
2010,2,1,,
2010,2,2,,Ԍ
2010,2,3,,揟
2010,2,4,,F
2010,2,5,,敉
2010,2,6,y,
2010,2,7,,
2010,2,8,,Ԍ
2010,2,9,,揟
2010,2,10,,F
2010,2,11,,敉
2010,2,12,,
2010,2,13,y,
2010,2,14,,揟
2010,2,15,,F
2010,2,16,,敉
2010,2,17,,
2010,2,18,,
2010,2,19,,Ԍ
2010,2,20,y,揟
2010,2,21,,F
2010,2,22,,敉
2010,2,23,,
2010,2,24,,
2010,2,25,,Ԍ
2010,2,26,,揟
2010,2,27,y,F
2010,2,28,,敉
2010,3,1,,
2010,3,2,,
2010,3,3,,Ԍ
2010,3,4,,揟
2010,3,5,,F
2010,3,6,y,敉
2010,3,7,,
2010,3,8,,
2010,3,9,,Ԍ
2010,3,10,,揟
2010,3,11,,F
2010,3,12,,敉
2010,3,13,y,
2010,3,14,,
2010,3,15,,Ԍ
2010,3,16,,F
2010,3,17,,敉
2010,3,18,,
2010,3,19,,
2010,3,20,y,Ԍ
2010,3,21,,揟
2010,3,22,,F
2010,3,23,,敉
2010,3,24,,
2010,3,25,,
2010,3,26,,Ԍ
2010,3,27,y,揟
2010,3,28,,F
2010,3,29,,敉
2010,3,30,,
2010,3,31,,
2010,4,1,,Ԍ
2010,4,2,,揟
2010,4,3,y,F
2010,4,4,,敉
2010,4,5,,
2010,4,6,,
2010,4,7,,Ԍ
2010,4,8,,揟
2010,4,9,,F
2010,4,10,y,敉
2010,4,11,,
2010,4,12,,
2010,4,13,,Ԍ
2010,4,14,,敉
2010,4,15,,
2010,4,16,,
2010,4,17,y,Ԍ
2010,4,18,,揟
2010,4,19,,F
2010,4,20,,敉
2010,4,21,,
2010,4,22,,
2010,4,23,,Ԍ
2010,4,24,y,揟
2010,4,25,,F
2010,4,26,,敉
2010,4,27,,
2010,4,28,,
2010,4,29,,Ԍ
2010,4,30,,揟
2010,5,1,y,F
2010,5,2,,敉
2010,5,3,,
2010,5,4,,
2010,5,5,,Ԍ
2010,5,6,,揟
2010,5,7,,F
2010,5,8,y,敉
2010,5,9,,
2010,5,10,,
2010,5,11,,Ԍ
2010,5,12,,揟
2010,5,13,,F
2010,5,14,,
2010,5,15,y,
2010,5,16,,Ԍ
2010,5,17,,揟
2010,5,18,,F
2010,5,19,,敉
2010,5,20,,
2010,5,21,,
2010,5,22,y,Ԍ
2010,5,23,,揟
2010,5,24,,F
2010,5,25,,敉
2010,5,26,,
2010,5,27,,
2010,5,28,,Ԍ
2010,5,29,y,揟
2010,5,30,,F
2010,5,31,,敉
2010,6,1,,
2010,6,2,,
2010,6,3,,Ԍ
2010,6,4,,揟
2010,6,5,y,F
2010,6,6,,敉
2010,6,7,,
2010,6,8,,
2010,6,9,,Ԍ
2010,6,10,,揟
2010,6,11,,F
2010,6,12,y,
2010,6,13,,Ԍ
2010,6,14,,揟
2010,6,15,,F
2010,6,16,,敉
2010,6,17,,
2010,6,18,,
2010,6,19,y,Ԍ
2010,6,20,,揟
2010,6,21,,F
2010,6,22,,敉
2010,6,23,,
2010,6,24,,
2010,6,25,,Ԍ
2010,6,26,y,揟
2010,6,27,,F
2010,6,28,,敉
2010,6,29,,
2010,6,30,,
2010,7,1,,Ԍ
2010,7,2,,揟
2010,7,3,y,F
2010,7,4,,敉
2010,7,5,,
2010,7,6,,
2010,7,7,,Ԍ
2010,7,8,,揟
2010,7,9,,F
2010,7,10,y,敉
2010,7,11,,
2010,7,12,,Ԍ
2010,7,13,,揟
2010,7,14,,F
2010,7,15,,敉
2010,7,16,,
2010,7,17,y,
2010,7,18,,Ԍ
2010,7,19,,揟
2010,7,20,,F
2010,7,21,,敉
2010,7,22,,
2010,7,23,,
2010,7,24,y,Ԍ
2010,7,25,,揟
2010,7,26,,F
2010,7,27,,敉
2010,7,28,,
2010,7,29,,
2010,7,30,,Ԍ
2010,7,31,y,揟
2010,8,1,,F
2010,8,2,,敉
2010,8,3,,
2010,8,4,,
2010,8,5,,Ԍ
2010,8,6,,揟
2010,8,7,y,F
2010,8,8,,敉
2010,8,9,,
2010,8,10,,揟
2010,8,11,,F
2010,8,12,,敉
2010,8,13,,
2010,8,14,y,
2010,8,15,,Ԍ
2010,8,16,,揟
2010,8,17,,F
2010,8,18,,敉
2010,8,19,,
2010,8,20,,
2010,8,21,y,Ԍ
2010,8,22,,揟
2010,8,23,,F
2010,8,24,,敉
2010,8,25,,
2010,8,26,,
2010,8,27,,Ԍ
2010,8,28,y,揟
2010,8,29,,F
2010,8,30,,敉
2010,8,31,,
2010,9,1,,
2010,9,2,,Ԍ
2010,9,3,,揟
2010,9,4,y,F
2010,9,5,,敉
2010,9,6,,
2010,9,7,,
2010,9,8,,F
2010,9,9,,敉
2010,9,10,,
2010,9,11,y,
2010,9,12,,Ԍ
2010,9,13,,揟
2010,9,14,,F
2010,9,15,,敉
2010,9,16,,
2010,9,17,,
2010,9,18,y,Ԍ
2010,9,19,,揟
2010,9,20,,F
2010,9,21,,敉
2010,9,22,,
2010,9,23,,
2010,9,24,,Ԍ
2010,9,25,y,揟
2010,9,26,,F
2010,9,27,,敉
2010,9,28,,
2010,9,29,,
2010,9,30,,Ԍ
2010,10,1,,揟
2010,10,2,y,F
2010,10,3,,敉
2010,10,4,,
2010,10,5,,
2010,10,6,,Ԍ
2010,10,7,,揟
2010,10,8,,敉
2010,10,9,y,
2010,10,10,,
2010,10,11,,Ԍ
2010,10,12,,揟
2010,10,13,,F
2010,10,14,,敉
2010,10,15,,
2010,10,16,y,
2010,10,17,,Ԍ
2010,10,18,,揟
2010,10,19,,F
2010,10,20,,敉
2010,10,21,,
2010,10,22,,
2010,10,23,y,Ԍ
2010,10,24,,揟
2010,10,25,,F
2010,10,26,,敉
2010,10,27,,
2010,10,28,,
2010,10,29,,Ԍ
2010,10,30,y,揟
2010,10,31,,F
2010,11,1,,敉
2010,11,2,,
2010,11,3,,
2010,11,4,,Ԍ
2010,11,5,,揟
2010,11,6,y,
2010,11,7,,
2010,11,8,,Ԍ
2010,11,9,,揟
2010,11,10,,F
2010,11,11,,敉
2010,11,12,,
2010,11,13,y,
2010,11,14,,Ԍ
2010,11,15,,揟
2010,11,16,,F
2010,11,17,,敉
2010,11,18,,
2010,11,19,,
2010,11,20,y,Ԍ
2010,11,21,,揟
2010,11,22,,F
2010,11,23,,敉
2010,11,24,,
2010,11,25,,
2010,11,26,,Ԍ
2010,11,27,y,揟
2010,11,28,,F
2010,11,29,,敉
2010,11,30,,
2010,12,1,,
2010,12,2,,Ԍ
2010,12,3,,揟
2010,12,4,y,F
2010,12,5,,敉
2010,12,6,,
2010,12,7,,Ԍ
2010,12,8,,揟
2010,12,9,,F
2010,12,10,,敉
2010,12,11,y,
2010,12,12,,
2010,12,13,,Ԍ
2010,12,14,,揟
2010,12,15,,F
2010,12,16,,敉
2010,12,17,,
2010,12,18,y,
2010,12,19,,Ԍ
2010,12,20,,揟
2010,12,21,,F
2010,12,22,,敉
2010,12,23,,
2010,12,24,,
2010,12,25,y,Ԍ
2010,12,26,,揟
2010,12,27,,F
2010,12,28,,敉
2010,12,29,,
2010,12,30,,
2010,12,31,,Ԍ
